Job Title,Company,Location,Experience Required,Job URL,Posted Date,Source,Description
Software Engineer III,IndeedRemote,IndeedRemote,,https://in.indeed.com/viewjob?jk=3e09234960611d78,,Indeed,
Software Engineer II,IndeedRemote,IndeedRemote,,https://in.indeed.com/viewjob?jk=551c356360f7dd11,,Indeed,
"Software Development Engineer 2, Finance Automation","ADCI - MaharashtraPune, Maharashtra","ADCI - MaharashtraPune, Maharashtra",,https://in.indeed.com/viewjob?jk=1f2d838e3dad1f69,,Indeed,
Software Engineer lll,Dynatron SoftwareRemote,Dynatron SoftwareRemote,,https://in.indeed.com/viewjob?jk=33f445667f17b1b0,,Indeed,
"Python Backend Engineer, Associate","BlackRock InvestmentsHybrid remote in Gurugram, Haryana","BlackRock InvestmentsHybrid remote in Gurugram, Haryana",,https://in.indeed.com/viewjob?jk=55c8b2003a4b983c,,Indeed,
SDE II,"Amazon Dev Center India - HyderabadDelhi, Delhi","Amazon Dev Center India - HyderabadDelhi, Delhi",,https://in.indeed.com/viewjob?jk=0c85d5945fffc548,,Indeed,
SDE 3 – Senior Spring boot Developer,"RIA AdvisoryRemote in Pune, Maharashtra","RIA AdvisoryRemote in Pune, Maharashtra",,https://in.indeed.com/viewjob?jk=f504b54acbb122e5,,Indeed,
"SDE II (iOS), Amazon","ADCI - KarnatakaBengaluru, Karnataka","ADCI - KarnatakaBengaluru, Karnataka",,https://in.indeed.com/viewjob?jk=f8fd43d5da006db5,,Indeed,
Software Development Engineer,"ADCI - KarnatakaChennai, Tamil Nadu","ADCI - KarnatakaChennai, Tamil Nadu",,https://in.indeed.com/viewjob?jk=0519b5e6cfeb3da5,,Indeed,
Software Development Engineer,"AWS India - KarnatakaChennai, Tamil Nadu","AWS India - KarnatakaChennai, Tamil Nadu",,https://in.indeed.com/viewjob?jk=3f1d4f2bc612f726,,Indeed,
.Net Engineer- SDE II (5-7 Years),"ByteridgeHyderabad, Telangana","ByteridgeHyderabad, Telangana",,https://in.indeed.com/viewjob?jk=111551b8864e887a,,Indeed,
"Software Development Engineer II, FGBS","ADCI HYD 13 SEZBengaluru, Karnataka","ADCI HYD 13 SEZBengaluru, Karnataka",,https://in.indeed.com/viewjob?jk=1bf62b0aad4fdd12,,Indeed,
SDE-2 IOS,"Locus.shBengaluru, Karnataka","Locus.shBengaluru, Karnataka",,https://in.indeed.com/viewjob?jk=0848f0680e804b3c,,Indeed,
SDE-2 Android,"Locus.shBengaluru, Karnataka","Locus.shBengaluru, Karnataka",,https://in.indeed.com/viewjob?jk=717d2fb7d409c1f8,,Indeed,
Software Developer,"Uttam Innovative Solution Pvt. Ltd.CBD Belapur, Navi Mumbai, Maharashtra","Uttam Innovative Solution Pvt. Ltd.CBD Belapur, Navi Mumbai, Maharashtra",,https://in.indeed.com/viewjob?jk=62abb57fcb8b3f97,,Indeed,
Software Developer,"EmersonRemote in Pune, Maharashtra","EmersonRemote in Pune, Maharashtra",,https://in.indeed.com/viewjob?jk=2a2239da2f5e09fa,,Indeed,
Software Developer,"EmersonRemote in Pune, Maharashtra","EmersonRemote in Pune, Maharashtra",,https://in.indeed.com/viewjob?jk=890abcdef0123456,,Indeed,
Staff Software Developer,"Kaseya CareersPune, Maharashtra","Kaseya CareersPune, Maharashtra",,https://in.indeed.com/viewjob?jk=4d2df5803d80376f,,Indeed,
AES - DE- Python Backend Engineer,"Zensar TechnologiesGurugram, Haryana","Zensar TechnologiesGurugram, Haryana",,https://in.indeed.com/viewjob?jk=c8a8bee94e9ca836,,Indeed,
Backend Engineer,"hindustan RecruitmentBengaluru, Karnataka","hindustan RecruitmentBengaluru, Karnataka",,https://in.indeed.com/viewjob?jk=0aca2210f9654df8,,Indeed,
Fullstack Engineer (ReactJS/NodeJS) - Remote,"ClanXRemote in Mumbai, Maharashtra","ClanXRemote in Mumbai, Maharashtra",,https://in.indeed.com/viewjob?jk=593bb6d008e7c85c,,Indeed,
SDEII-Backend,"Expedia GroupGurugram, Haryana","Expedia GroupGurugram, Haryana",,https://in.indeed.com/viewjob?jk=228a05558530ffd0,,Indeed,
Senior Backend Engineer (LLMs/VoiceModel),"XpressEduBengaluru, Karnataka","XpressEduBengaluru, Karnataka",,https://in.indeed.com/viewjob?jk=55b842a52f851bd5,,Indeed,
Software Engineer – Backend and Database Technologies,"IDBI IntechCBD Belapur, Navi Mumbai, Maharashtra","IDBI IntechCBD Belapur, Navi Mumbai, Maharashtra",,https://in.indeed.com/viewjob?jk=2e0f3201c86e3a81,,Indeed,
Senior Backend Engineer (LLMs/VoiceModels),"al-fahadBengaluru, Karnataka","al-fahadBengaluru, Karnataka",,https://in.indeed.com/viewjob?jk=30f1b5472cd86238,,Indeed,
Software Engineer (Backend),"MaerskBengaluru, Karnataka","MaerskBengaluru, Karnataka",,https://in.indeed.com/viewjob?jk=efd4da8194051fa3,,Indeed,
Software Engineer - Backend (Kotlin + Neo4j),"McKinsey & CompanyGurugram, Haryana","McKinsey & CompanyGurugram, Haryana",,https://in.indeed.com/viewjob?jk=3bd97d817c447ef2,,Indeed,
Blockchain Backend Engineer – NFT Records & Tokenization,"QualiTlabsHyderabad, Telangana","QualiTlabsHyderabad, Telangana",,https://in.indeed.com/viewjob?jk=5455f74d5f903f6c,,Indeed,
Software Engineer - Backend (Python),"McKinsey & CompanyGurugram, Haryana","McKinsey & CompanyGurugram, Haryana",,https://in.indeed.com/viewjob?jk=da5bdfbf46b80b0b,,Indeed,
Software Engineer - Java,Newfold DigitalIndia,Newfold DigitalIndia,,https://in.indeed.com/viewjob?jk=5a66920381c0c193,,Indeed,
Software Engineer - Backend (Ruby on Rails),"McKinsey & CompanyGurugram, Haryana","McKinsey & CompanyGurugram, Haryana",,https://in.indeed.com/viewjob?jk=0e7802472a601dca,,Indeed,
Lead Full Stack Engineer (MERN + Next.js),"Talent Muscle Pvt LtdPune, Maharashtra","Talent Muscle Pvt LtdPune, Maharashtra",,https://in.indeed.com/viewjob?jk=e7e4d49682b59155,,Indeed,
"Full Stack Engineer (Java/React), Aladdin Engineering, Vice President","BlackRock InvestmentsHybrid remote in Gurugram, Haryana","BlackRock InvestmentsHybrid remote in Gurugram, Haryana",,https://in.indeed.com/viewjob?jk=fce434d1eb1c8f88,,Indeed,
Software Engineer II- Frontend,"UberHyderabad, Telangana","UberHyderabad, Telangana",,https://in.indeed.com/viewjob?jk=5fd7ea2db52f48b0,,Indeed,
Principal Frontend Engineer,WeekdayRemote,WeekdayRemote,,https://in.indeed.com/viewjob?jk=74f0ff7766b86add,,Indeed,
Senior Frontend Engineer,"AccellorRemote in Hyderabad, Telangana","AccellorRemote in Hyderabad, Telangana",,https://in.indeed.com/viewjob?jk=3bfda0483da47a9f,,Indeed,
Senior Frontend Engineer,"FanaticsHyderabad, Telangana","FanaticsHyderabad, Telangana",,https://in.indeed.com/viewjob?jk=6a03243309dd992b,,Indeed,
Fullstack Engineer,"MaerskBengaluru, Karnataka","MaerskBengaluru, Karnataka",,https://in.indeed.com/viewjob?jk=a295558c04c93177,,Indeed,
Senior Software Engineer-Dotnet Fullstack,3PillarRemote,3PillarRemote,,https://in.indeed.com/viewjob?jk=faa6d0fcf285193b,,Indeed,
"Software Engineer, Experience Engineering","AnaplanGurugram, Haryana","AnaplanGurugram, Haryana",,https://in.indeed.com/viewjob?jk=9279dd850bdb14df,,Indeed,
Software Development Engineer,"AmadeusPune, Maharashtra","AmadeusPune, Maharashtra",,https://in.indeed.com/viewjob?jk=f7155a67f8e07693,,Indeed,
"Software Development Engineer II, Aurora Open Source Engines","ADCI - KarnatakaBengaluru, Karnataka","ADCI - KarnatakaBengaluru, Karnataka",,https://in.indeed.com/viewjob?jk=49ee17caea85937b,,Indeed,
Software Development Engineer III - AI,HighLevelRemote,HighLevelRemote,,https://in.indeed.com/viewjob?jk=f3ed52c91ee455c4,,Indeed,
"Software Development Engineer II, Global Trade","ADCI - KarnatakaBengaluru, Karnataka","ADCI - KarnatakaBengaluru, Karnataka",,https://in.indeed.com/viewjob?jk=aec1516c9e3dbfa6,,Indeed,
Senior Software Development Engineer,"AmadeusPune, Maharashtra","AmadeusPune, Maharashtra",,https://in.indeed.com/viewjob?jk=39af66031151a466,,Indeed,
Software Development Engineer - 3,"FortinetPune, Maharashtra","FortinetPune, Maharashtra",,https://in.indeed.com/viewjob?jk=244c2cbd6d38a3d3,,Indeed,
Software Development Engineer,"ADCI MAA 15 SEZBengaluru, Karnataka","ADCI MAA 15 SEZBengaluru, Karnataka",,https://in.indeed.com/viewjob?jk=60c1b67c52024c0a,,Indeed,
"Software Development Engineer, Kindle Reader","ADCI MAA 15 SEZBengaluru, Karnataka","ADCI MAA 15 SEZBengaluru, Karnataka",,https://in.indeed.com/viewjob?jk=f3b9916b7f28d6b1,,Indeed,
Embedded Software Engineer,"AaensaTech Pvt. Ltd.Gurugram, Haryana","AaensaTech Pvt. Ltd.Gurugram, Haryana",,https://in.indeed.com/viewjob?jk=2240d6b957adae79,,Indeed,
Software Development Engineer,"AccentureBengaluru, Karnataka","AccentureBengaluru, Karnataka",,https://in.indeed.com/viewjob?jk=61dffb68c53b6d44,,Indeed,
Software Development Engineer 4 = C++,"AmadeusBengaluru, Karnataka","AmadeusBengaluru, Karnataka",,https://in.indeed.com/viewjob?jk=58af13bc5e39d1a7,,Indeed,
Software Developer,Infolexus SolutionsRemote,Infolexus SolutionsRemote,,https://in.indeed.com/viewjob?jk=718cdfe47b65d614,,Indeed,
Software Developer,"enexion energy pvt ltdViman Nagar, Pune, Maharashtra","enexion energy pvt ltdViman Nagar, Pune, Maharashtra",,https://in.indeed.com/viewjob?jk=fc23e2d70a8f2126,,Indeed,
Software Developer,"Nimblix technologies pvt LtdElectronics City, Bengaluru, Karnataka","Nimblix technologies pvt LtdElectronics City, Bengaluru, Karnataka",,https://in.indeed.com/viewjob?jk=758376a16d050308,,Indeed,
"Python Backend Engineer, Associate","BlackRock InvestmentsHybrid remote in Gurugram, Haryana","BlackRock InvestmentsHybrid remote in Gurugram, Haryana",,https://in.indeed.com/viewjob?jk=123456789abcdef0,,Indeed,
Software Development Engineer 2,"TitanBengaluru, Karnataka","TitanBengaluru, Karnataka",,https://in.indeed.com/viewjob?jk=895f3420ef33c608,,Indeed,
Software Engineer,Finewebarts Web SolutionsRemote,Finewebarts Web SolutionsRemote,,https://in.indeed.com/viewjob?jk=b4e49ed389c3818d,,Indeed,
Software Engineer - GenAI Developer,"NielsenIQHybrid remote in Pune, Maharashtra","NielsenIQHybrid remote in Pune, Maharashtra",,https://in.indeed.com/viewjob?jk=74b86ab2ec343656,,Indeed,
Embedded Software Engineer,"AaensaTech Pvt. Ltd.Gurugram, Haryana","AaensaTech Pvt. Ltd.Gurugram, Haryana",,https://in.indeed.com/viewjob?jk=789abcdef0123456,,Indeed,
Senior Backend Engineer (LLMs/VoiceModel),"XpressEduBengaluru, Karnataka","XpressEduBengaluru, Karnataka",,https://in.indeed.com/viewjob?jk=f1e2d3c4b5a67890,,Indeed,
Senior Software Engineer-Frontend,"CelonisBengaluru, Karnataka","CelonisBengaluru, Karnataka",,https://in.indeed.com/viewjob?jk=a89a73bec861c7a5,,Indeed,
"Software Development Engineer 2, Finance Automation","ADCI - MaharashtraPune, Maharashtra","ADCI - MaharashtraPune, Maharashtra",,https://in.indeed.com/viewjob?jk=8c0cb1caf1905e60,,Indeed,
"Software Development Engineer, Alexa Global Quality","ADCI HYD 13 SEZHyderabad, Telangana","ADCI HYD 13 SEZHyderabad, Telangana",,https://in.indeed.com/viewjob?jk=4c0ca06fd9fc5620,,Indeed,
"Senior Software Engineer, Backend - Build Automation Team",Grab,,,https://grab.careers/en/jobs/744000107676257/senior-software-engineer-backend-build-automation-team/,,Grab,
"Senior Software Engineer, Backend - Consumer Experience",Grab,,,https://grab.careers/en/jobs/744000107658915/senior-software-engineer-backend-consumer-experience/,,Grab,
"Software Engineer, Backend - Paycore",Grab,,,https://grab.careers/en/jobs/744000107287265/software-engineer-backend-paycore/,,Grab,
"Software Engineer, Backend - Trust",Grab,,,https://grab.careers/en/jobs/744000107266565/software-engineer-backend-trust/,,Grab,
Software Engineering,Intuit,,,https://www.intuit.com/careers/teams/software-engineering/,,Intuit,
Software Engineering RoleSoftware EngineerCreate impactful software systems for clients around the world.Available jobs,IBM,,,https://www.ibm.com/careers/search?field_keyword_08%5B0%5D=Software%20Engineering&q=software%20engineer,,IBM,
Software Engineering RoleFull Stack DeveloperIntegrate multiple systems with your code in an agile manner.Available jobs,IBM,,,https://www.ibm.com/careers/search?field_keyword_08%5B0%5D=Software%20Engineering&q=fullstack%2Cfull%20stack,,IBM,
"Software Engineering RoleDevOps EngineerWork with our development and systems team on projects that automate, scale and deploy in an agile way.Available jobs",IBM,,,https://www.ibm.com/careers/search?field_keyword_08%5B0%5D=Software%20Engineering&q=devops,,IBM,
Software Engineering RoleFront End DeveloperWork with the latest web technologies and make your code come to life for the world.Available jobs,IBM,,,https://www.ibm.com/careers/search?field_keyword_08%5B0%5D=Software%20Engineering&q=frontend%2Cfront%20end,,IBM,
"Senior Software Engineer - ServiceNow, Hyderabad/Bengaluru/Gurgaon",ServiceNow,,,https://careers.servicenow.com/jobs/744000107690275/senior-software-engineer-servicenow-hyderabadbengalurugurgaon/,,ServiceNow,
"Backend Software Engineer, Storefronts",Airbnb,,,https://careers.airbnb.com/positions/7572491/,,Airbnb,
"Junior Linux Systems Engineer (Game Operation) - Wild Rift, TechOps (Contract)Software Engineering GroupLeague of Legends: Wild RiftSydney, Australia",Riot_Games,,,https://www.riotgames.com/en/j/7516516,,Riot_Games,
Software Engineering Group,Riot_Games,,,https://www.riotgames.com/en/work-with-us/jobs,,Riot_Games,
"Manager, Software Engineering (Meta Game Services) - Publishing PlatformSoftware Engineering GroupRiot Operations & SupportLos Angeles, USA",Riot_Games,,,https://www.riotgames.com/en/j/7424395,,Riot_Games,
"Manager, Software Engineering - Content Access PlatformSoftware Engineering GroupRiot Operations & SupportLos Angeles, USA",Riot_Games,,,https://www.riotgames.com/en/j/7005607,,Riot_Games,
"Manager, Software Engineering - Developer Connections, Client BuildSoftware Engineering GroupRiot Operations & SupportLos Angeles, USA",Riot_Games,,,https://www.riotgames.com/en/j/7229016,,Riot_Games,
"Manager, Software Engineering - VALORANT, Esports Game FeaturesSoftware Engineering GroupVALORANTLos Angeles, USA",Riot_Games,,,https://www.riotgames.com/en/j/7472454,,Riot_Games,
"Manager, Software Engineering, Publishing Engagement - Publishing PlatformSoftware Engineering GroupRiot Operations & SupportSeoul, Korea",Riot_Games,,,https://www.riotgames.com/en/j/7454356,,Riot_Games,
"Manager, Software Engineering, Services & China Partnership - VALORANTSoftware Engineering GroupVALORANTSydney, Australia",Riot_Games,,,https://www.riotgames.com/en/j/7325238,,Riot_Games,
"Manager, Software Engineering, Services - VALORANTSoftware Engineering GroupVALORANTLos Angeles, USA",Riot_Games,,,https://www.riotgames.com/en/j/7228986,,Riot_Games,
"Principal Software Engineer (Computer Vision/Automation) -  League of LegendsSoftware Engineering GroupLeague of LegendsLos Angeles, USA",Riot_Games,,,https://www.riotgames.com/en/j/7118616,,Riot_Games,
"Principal Software Engineer - Content Access PlatformSoftware Engineering GroupRiot Operations & SupportMercer Island, USA",Riot_Games,,,https://www.riotgames.com/en/j/6937688,,Riot_Games,
"Principal Software Engineer - VALORANT, CompetitiveSoftware Engineering GroupVALORANTLos Angeles, USA",Riot_Games,,,https://www.riotgames.com/en/j/7460704,,Riot_Games,
"Principal Software Engineer, 3D Animation - Unpublished R&D ProductSoftware Engineering GroupMMOLos Angeles, USA",Riot_Games,,,https://www.riotgames.com/en/j/7288354,,Riot_Games,
"Principal Software Engineer, Services - Unpublished R&D ProductSoftware Engineering GroupRiot DiscoveryLos Angeles, USA",Riot_Games,,,https://www.riotgames.com/en/j/7307095,,Riot_Games,
"Principal Software Engineer, VALORANT - Foundations Developer Experience & WorkflowsSoftware Engineering GroupVALORANTLos Angeles, USA",Riot_Games,,,https://www.riotgames.com/en/j/6889307,,Riot_Games,
"Senior Backend Engineer, Services - Unpublished R&D ProductSoftware Engineering GroupRiot DiscoverySydney, Australia",Riot_Games,,,https://www.riotgames.com/en/j/7194256,,Riot_Games,
"Senior Manager, Software Engineering  (Graphics)- League of LegendsSoftware Engineering GroupLeague of LegendsLos Angeles, USA",Riot_Games,,,https://www.riotgames.com/en/j/7088660,,Riot_Games,
"Senior Manager, Software Engineering, Build Services - VALORANTSoftware Engineering GroupVALORANTLos Angeles, USA",Riot_Games,,,https://www.riotgames.com/en/j/7181933,,Riot_Games,
"Senior Software Engineer - Teamfight Tactics (Contract, 9 months)Software Engineering GroupTeamfight TacticsSydney, Australia",Riot_Games,,,https://www.riotgames.com/en/j/7553923,,Riot_Games,
"Senior Software Engineer, Core Game Features  - VALORANTSoftware Engineering GroupVALORANTSydney, Australia",Riot_Games,,,https://www.riotgames.com/en/j/7377043,,Riot_Games,
"Senior Software Engineer, Game UI - League of LegendsSoftware Engineering GroupLeague of LegendsLos Angeles, USA",Riot_Games,,,https://www.riotgames.com/en/j/7295676,,Riot_Games,
"Senior Software Engineer, Player Dynamics - VALORANTSoftware Engineering GroupVALORANTSydney, Australia",Riot_Games,,,https://www.riotgames.com/en/j/7410020,,Riot_Games,
"Senior Software Engineer, Player Experience Tools & Services - Publishing PlatformSoftware Engineering GroupRiot Operations & SupportLos Angeles, USA",Riot_Games,,,https://www.riotgames.com/en/j/7545471,,Riot_Games,
"Senior Software Engineer, Riot Web - Publishing PlatformSoftware Engineering GroupRiot Operations & SupportLos Angeles, USA",Riot_Games,,,https://www.riotgames.com/en/j/7545534,,Riot_Games,
"Senior Software Engineer, VALORANT - Release EngineeringSoftware Engineering GroupVALORANTSydney, Australia",Riot_Games,,,https://www.riotgames.com/en/j/7252205,,Riot_Games,
"Software Engineer, Gameplay - Unpublished R&D Product (Contract)Riot DiscoveryShanghai, China",Riot_Games,,,https://www.riotgames.com/en/j/7271179,,Riot_Games,
"Software Engineer, Gameplay - Unpublished R&D Product (Contract)Software Engineering GroupRiot DiscoveryGuangzhou, China",Riot_Games,,,https://www.riotgames.com/en/j/7449571,,Riot_Games,
"Software Engineer, Services - Unpublished R&D Product (Contract)Software Engineering GroupRiot DiscoveryGuangzhou, China",Riot_Games,,,https://www.riotgames.com/en/j/7449588,,Riot_Games,
"Software Engineer, Unpublished R&D ProductSoftware Engineering GroupRiot DiscoverySydney, Australia",Riot_Games,,,https://www.riotgames.com/en/j/7325266,,Riot_Games,
"Software Engineering Manager, AI/ML - VALORANTSoftware Engineering GroupVALORANTLos Angeles, USA",Riot_Games,,,https://www.riotgames.com/en/j/7336877,,Riot_Games,
"Software Engineering Manager, UI Tech - VALORANTSoftware Engineering GroupVALORANTMercer Island, USA",Riot_Games,,,https://www.riotgames.com/en/j/7366200,,Riot_Games,
"Sr. Manager, Software Engineering (Gameplay) - Unpublished R&D ProductSoftware Engineering GroupRiot DiscoveryLos Angeles, USA",Riot_Games,,,https://www.riotgames.com/en/j/7528093,,Riot_Games,
"Staff Software Engineer (UI)- League of LegendsSoftware Engineering GroupLeague of LegendsLos Angeles, USA",Riot_Games,,,https://www.riotgames.com/en/j/7253251,,Riot_Games,
"Staff Software Engineer - ML PlatformSoftware Engineering GroupRiot Operations & SupportLos Angeles, USA",Riot_Games,,,https://www.riotgames.com/en/j/7177092,,Riot_Games,
"Staff Software Engineer - Unpublished R&D ProductSoftware Engineering GroupRiot DiscoverySydney, Australia",Riot_Games,,,https://www.riotgames.com/en/j/7061304,,Riot_Games,
"Staff Software Engineer - VALORANT, Core ServicesSoftware Engineering GroupVALORANTSydney, Australia",Riot_Games,,,https://www.riotgames.com/en/j/7334759,,Riot_Games,
"Staff Software Engineer, 3Cs - Unpublished R&D ProductSoftware Engineering GroupRiot DiscoveryLos Angeles, USA",Riot_Games,,,https://www.riotgames.com/en/j/7573220,,Riot_Games,
"Staff Software Engineer, Console - Unpublished R&D ProductSoftware Engineering GroupRiot DiscoveryLos Angeles, USA",Riot_Games,,,https://www.riotgames.com/en/j/7364013,,Riot_Games,
"Staff Software Engineer, Core Tech - Unpublished R&D ProductSoftware Engineering GroupMMOLos Angeles, USA",Riot_Games,,,https://www.riotgames.com/en/j/7272510,,Riot_Games,
"Staff Software Engineer, Deploy - Developer ConnectionsSoftware Engineering GroupRiot Operations & SupportLos Angeles, USA",Riot_Games,,,https://www.riotgames.com/en/j/7477755,,Riot_Games,
"Staff Software Engineer, Gameplay Generalist - Unpublished R&D ProductSoftware Engineering GroupRiot DiscoveryLos Angeles, USA",Riot_Games,,,https://www.riotgames.com/en/j/7532397,,Riot_Games,
"Staff Software Engineer, Gameplay Systems - Unpublished R&D ProductSoftware Engineering GroupRiot DiscoveryLos Angeles, USA",Riot_Games,,,https://www.riotgames.com/en/j/6274023,,Riot_Games,
"Staff Software Engineer, Progression - VALORANTSoftware Engineering GroupVALORANTMercer Island, USA",Riot_Games,,,https://www.riotgames.com/en/j/6774665,,Riot_Games,
"Staff Software Engineer, Rendering 渲染工程师Software Engineering GroupDevelopment StudiosShanghai, China",Riot_Games,,,https://www.riotgames.com/en/j/7154094,,Riot_Games,
"Staff Software Engineer, SDK Foundations - Publishing PlatformSoftware Engineering GroupRiot Operations & SupportLos Angeles, USA",Riot_Games,,,https://www.riotgames.com/en/j/7424397,,Riot_Games,
"Staff Software Engineer, ServicesSoftware Engineering GroupRiot DiscoveryShanghai, China",Riot_Games,,,https://www.riotgames.com/en/j/4519009,,Riot_Games,
"Staff Software Engineer, Services - VALORANT, Player DynamicsSoftware Engineering GroupVALORANTLos Angeles, USA",Riot_Games,,,https://www.riotgames.com/en/j/7456880,,Riot_Games,
"Principal Software Engineer, Devops Platform (Bangkok Based – relocation provided)IT EngineeringBangkok, Thailand",Agoda,,,https://careersatagoda.com/job/7366609-principal-software-engineer-devops-platform-bangkok-based-relocation-provided/,,Agoda,
"Back End Staff Software Engineer (Bangkok based, Relocation provided)IT EngineeringBangkok, Thailand",Agoda,,,https://careersatagoda.com/job/6886113-back-end-staff-software-engineer-bangkok-based-relocation-provided/,,Agoda,
Software Engineer Jobs,Agoda,,,https://careersatagoda.com/vacancies/?search=software%20engineer,,Agoda,
Senior Software Engineer - Stream Governance,Confluent,,,https://careers.confluent.io/jobs/job/3fc1adb4-594a-484b-8e76-9a45156c83fe,,Confluent,
Staff Software Engineer,Confluent,,,https://careers.confluent.io/jobs/job/4ac58d2c-2003-4753-99e9-e35906297f28,,Confluent,
Staff Software Developer,Confluent,,,https://careers.confluent.io/jobs/job/c9746326-522d-4a3c-b098-3496effcaded,,Confluent,
Staff Software Engineer - Flink SQL,Confluent,,,https://careers.confluent.io/jobs/job/79c5035c-4266-40f0-86e1-84d067ed77b1,,Confluent,
Staff Software Engineer I - Kora Storage,Confluent,,,https://careers.confluent.io/jobs/job/5400cdd0-87bf-4df5-aed8-3f526715fa4a,,Confluent,
Senior Software Engineer II - Stream Governance,Confluent,,,https://careers.confluent.io/jobs/job/ca3f2007-6218-4d96-93a5-32230addfd31,,Confluent,
Staff Software Engineer I - Stream Governance,Confluent,,,https://careers.confluent.io/jobs/job/2b7f816b-9f5b-4023-b38d-46fd3e117298,,Confluent,
Senior Software Engineer - Product Security,Confluent,,,https://careers.confluent.io/jobs/job/967ce671-b03f-4624-a45c-d20c9a352081,,Confluent,
Distributed Systems Software Engineer - WarpStream,Confluent,,,https://careers.confluent.io/jobs/job/f6dfe798-2126-4c93-9e1e-031d0a315b3e,,Confluent,
"Senior Software Engineer, Fullstack (Developer - CDP API)",Coinbase,,,https://www.coinbase.com/careers/positions/7301667,,Coinbase,
"Principal Software Engineer, Backend - Platform",Coinbase,,,https://www.coinbase.com/careers/positions/6821476,,Coinbase,
Senior Software Engineer - AI Platform  (AI Acceleration),Coinbase,,,https://www.coinbase.com/careers/positions/7575167,,Coinbase,
Senior Software Engineer - AI Platform (AI Acceleration),Coinbase,,,https://www.coinbase.com/careers/positions/7575142,,Coinbase,
"Senior Software Engineer, Backend - Blockchain Platform (Blockchain Data Processing)",Coinbase,,,https://www.coinbase.com/careers/positions/7558592,,Coinbase,
"Senior Software Engineer,  Backend - Blockchain Platform (Blockchain Nodes)",Coinbase,,,https://www.coinbase.com/careers/positions/7551868,,Coinbase,
"Senior Software Engineer, Backend - Blockchain Platform (Staking Data)",Coinbase,,,https://www.coinbase.com/careers/positions/7573222,,Coinbase,
"Senior Software Engineer, Backend (Consumer - Growth)",Coinbase,,,https://www.coinbase.com/careers/positions/6650932,,Coinbase,
"Senior Software Engineer, Backend (Consumer - Growth & App Infra)",Coinbase,,,https://www.coinbase.com/careers/positions/7257545,,Coinbase,
"Senior Software Engineer, Backend (Institutional - Markets)",Coinbase,,,https://www.coinbase.com/careers/positions/7364719,,Coinbase,
"Senior Software Engineer, Backend (Institutional - Prime Onchain Wallet)",Coinbase,,,https://www.coinbase.com/careers/positions/7583437,,Coinbase,
"Senior Software Engineer, Backend (Institutional - Staking)",Coinbase,,,https://www.coinbase.com/careers/positions/7539765,,Coinbase,
"Senior Software Engineer, Backend (Platform - Finance Engineering)",Coinbase,,,https://www.coinbase.com/careers/positions/4950761,,Coinbase,
"Senior Software Engineer, Backend - Platform (FinHub - Ledger)",Coinbase,,,https://www.coinbase.com/careers/positions/7255761,,Coinbase,
"Senior Software Engineer, Backend - Platform (FinHub - Transaction Intelligence)",Coinbase,,,https://www.coinbase.com/careers/positions/6855597,,Coinbase,
"Senior Software Engineer, Backend (Platform - Onboarding)",Coinbase,,,https://www.coinbase.com/careers/positions/7433023,,Coinbase,
"Senior Software Engineer, Echo",Coinbase,,,https://www.coinbase.com/careers/positions/7569402,,Coinbase,
"Senior Staff Software Engineer, Backend (Consumer)",Coinbase,,,https://www.coinbase.com/careers/positions/7565860,,Coinbase,
"Senior Staff Software Engineer, Backend (Consumer - Financial Services and Loyalty)",Coinbase,,,https://www.coinbase.com/careers/positions/7260606,,Coinbase,
"Senior Staff Software Engineer, Backend (Consumer - Growth)",Coinbase,,,https://www.coinbase.com/careers/positions/7262059,,Coinbase,
"Senior Staff Software Engineer, Backend (Consumer - Growth)",Coinbase,,,https://www.coinbase.com/careers/positions/6947955,,Coinbase,
"Senior Staff Software Engineer, Backend (Consumer - Growth & App Infra)",Coinbase,,,https://www.coinbase.com/careers/positions/7260616,,Coinbase,
"Senior Staff Software Engineer, Backend (Consumer - Growth & App Infra)",Coinbase,,,https://www.coinbase.com/careers/positions/7260614,,Coinbase,
"Senior Staff Software Engineer, Backend - Platform (Core Automation)",Coinbase,,,https://www.coinbase.com/careers/positions/7580292,,Coinbase,
"Senior Staff Software Engineer, Backend (Platform - Onboarding)",Coinbase,,,https://www.coinbase.com/careers/positions/5804305,,Coinbase,
"Senior Staff Software Engineer, Backend - Risk Platform",Coinbase,,,https://www.coinbase.com/careers/positions/7573405,,Coinbase,
Senior Staff Software Engineer - Blockchain Platform  (Asset Data),Coinbase,,,https://www.coinbase.com/careers/positions/7580176,,Coinbase,
Senior Staff Software Engineer - Financial Hub,Coinbase,,,https://www.coinbase.com/careers/positions/7587071,,Coinbase,
"Software Engineer, Backend - Blockchain Platform (Staking Validators)",Coinbase,,,https://www.coinbase.com/careers/positions/7173250,,Coinbase,
"Software Engineer, Backend (Consumer)",Coinbase,,,https://www.coinbase.com/careers/positions/5954689,,Coinbase,
"Software Engineer, Backend  (Consumer - Coinbase Card)",Coinbase,,,https://www.coinbase.com/careers/positions/6535287,,Coinbase,
"Software Engineer, Backend - (Consumer - Products)",Coinbase,,,https://www.coinbase.com/careers/positions/5961451,,Coinbase,
"Software Engineer, Backend (Institutional - Custody)",Coinbase,,,https://www.coinbase.com/careers/positions/7247428,,Coinbase,
"Software Engineer, Backend (Institutional - Foundations, Transfers)",Coinbase,,,https://www.coinbase.com/careers/positions/7591737,,Coinbase,
"Software Engineer, Backend - Platform (Core Automation)",Coinbase,,,https://www.coinbase.com/careers/positions/7579370,,Coinbase,
"Software Engineer, Backend - Platform (FinHub - Transaction Intelligence)",Coinbase,,,https://www.coinbase.com/careers/positions/6855601,,Coinbase,
Software Engineer - Blockchain Platform (Blockchain Nodes),Coinbase,,,https://www.coinbase.com/careers/positions/7280495,,Coinbase,
Software Engineer - Customer Agent Interactions System,Coinbase,,,https://www.coinbase.com/careers/positions/7539703,,Coinbase,
Software Engineer (EAA),Coinbase,,,https://www.coinbase.com/careers/positions/6817252,,Coinbase,
"Software Engineer, Full Stack (EAA)",Coinbase,,,https://www.coinbase.com/careers/positions/7584070,,Coinbase,
Staff Software Engineer - AI Growth Lead,Coinbase,,,https://www.coinbase.com/careers/positions/7575042,,Coinbase,
"Staff Software Engineer, Backend (Consumer)",Coinbase,,,https://www.coinbase.com/careers/positions/5948906,,Coinbase,
"Staff Software Engineer, Backend (Consumer - Financial Services & Loyalty, CB1 Growth)",Coinbase,,,https://www.coinbase.com/careers/positions/7258513,,Coinbase,
"Staff Software Engineer, Backend (Consumer - Growth)",Coinbase,,,https://www.coinbase.com/careers/positions/6650948,,Coinbase,
"Staff Software Engineer, Backend (Consumer - Growth)",Coinbase,,,https://www.coinbase.com/careers/positions/6650942,,Coinbase,
"Staff Software Engineer, Backend - Consumer Product Group",Coinbase,,,https://www.coinbase.com/careers/positions/5968428,,Coinbase,
"Staff Software Engineer, Backend (Consumer - Trading)",Coinbase,,,https://www.coinbase.com/careers/positions/7309097,,Coinbase,
"Staff Software Engineer, Backend - Customer Experience Team",Coinbase,,,https://www.coinbase.com/careers/positions/4969310,,Coinbase,
"Staff Software Engineer, Backend - Financial Hub",Coinbase,,,https://www.coinbase.com/careers/positions/6855515,,Coinbase,
"Staff Software Engineer,  Backend (Platform - Onboarding)",Coinbase,,,https://www.coinbase.com/careers/positions/4969309,,Coinbase,
"Staff Software Engineer, Backend - Platform (Relocate to India)",Coinbase,,,https://www.coinbase.com/careers/positions/4969312,,Coinbase,
"Staff Software Engineer, Backend - Risk Platform (Travel Rule)",Coinbase,,,https://www.coinbase.com/careers/positions/7573375,,Coinbase,
"Staff Software Engineer, Trading",Coinbase,,,https://www.coinbase.com/careers/positions/7010523,,Coinbase,
"Senior Software Engineer, Data Platform",Coinbase,,,https://www.coinbase.com/careers/positions/7440694,,Coinbase,
Senior Software Engineer - Front End,Coinbase,,,https://www.coinbase.com/careers/positions/7391455,,Coinbase,
"Senior Software Engineer, Frontend (Consumer - Growth)",Coinbase,,,https://www.coinbase.com/careers/positions/7261976,,Coinbase,
"Senior Software Engineer, Frontend (Consumer - Growth & App Infra)",Coinbase,,,https://www.coinbase.com/careers/positions/7260887,,Coinbase,
"Senior Software Engineer, Frontend - Identity",Coinbase,,,https://www.coinbase.com/careers/positions/7395606,,Coinbase,
"Senior Software Engineer, Frontend - Risk Platform",Coinbase,,,https://www.coinbase.com/careers/positions/7558027,,Coinbase,
"Senior Software Engineer, Frontend - Risk Platform",Coinbase,,,https://www.coinbase.com/careers/positions/7558031,,Coinbase,
"Software Engineer, Frontend (Consumer - Coinbase One)",Coinbase,,,https://www.coinbase.com/careers/positions/7135192,,Coinbase,
"Software Engineer, Frontend (Consumer - Trust and Loyalty)",Coinbase,,,https://www.coinbase.com/careers/positions/5948954,,Coinbase,
"Software Engineer, Frontend - Identity",Coinbase,,,https://www.coinbase.com/careers/positions/7558035,,Coinbase,
"Software Engineer, Frontend - Risk Platform",Coinbase,,,https://www.coinbase.com/careers/positions/7295579,,Coinbase,
"Staff Software Engineer, Frontend (Consumer - Financial Services & Loyalty, CB1 Growth)",Coinbase,,,https://www.coinbase.com/careers/positions/7387494,,Coinbase,
"Staff Software Engineer, Frontend - Consumer Products",Coinbase,,,https://www.coinbase.com/careers/positions/5961307,,Coinbase,
Senior Software Engineer - Data Platform,Coinbase,,,https://www.coinbase.com/careers/positions/6683020,,Coinbase,
"Senior Software Engineer, Frontend - Developer Experience",Coinbase,,,https://www.coinbase.com/careers/positions/7576385,,Coinbase,
"Senior Software Engineer, Frontend - Developer Experience (Mobile)",Coinbase,,,https://www.coinbase.com/careers/positions/6981905,,Coinbase,
Senior Software Engineer - Infrastructure Enablement,Coinbase,,,https://www.coinbase.com/careers/positions/7576748,,Coinbase,
"Senior Software Engineer, Infrastructure - Platform Compute",Coinbase,,,https://www.coinbase.com/careers/positions/7576764,,Coinbase,
"Senior Software Engineer, SRE",Coinbase,,,https://www.coinbase.com/careers/positions/7576755,,Coinbase,
Software Engineering Manager - Cloud Provisioning,Coinbase,,,https://www.coinbase.com/careers/positions/7576813,,Coinbase,
Senior Software Engineer (EAA),Coinbase,,,https://www.coinbase.com/careers/positions/7483221,,Coinbase,
"Software Engineer, EAA Integrations",Coinbase,,,https://www.coinbase.com/careers/positions/7558051,,Coinbase,
Staff Software Engineer (EAA),Coinbase,,,https://www.coinbase.com/careers/positions/6652022,,Coinbase,
"Staff Software Engineer, Backend - Platform (Core Automation)",Coinbase,,,https://www.coinbase.com/careers/positions/7462710,,Coinbase,
Software Engineer jobs,Indeed,,,https://www.linkedin.com/jobs/software-engineer-jobs?trk=organization_guest-browse_jobs,,Indeed,
Software Engineer jobs,Indeed,,,https://www.linkedin.com/jobs/software-engineer-jobs?trk=organization_guest_linkster_link,,Indeed,
Senior Software Engineer jobs,Indeed,,,https://www.linkedin.com/jobs/senior-software-engineer-jobs?trk=organization_guest_linkster_link,,Indeed,
Software Engineering and Architecture,Walmart Labs,,,https://careers.walmart.com/content/careers/us/en/home/careers-areas/technology/software-engineering-and-architecture?searchQuery=Software Engineering and Architecture&careerareas=Technology,,Walmart Labs,
"AI & watsonx ™ RoleBackend Developer watsonx ™As a Backend developer, you will be part of a global team that builds and supports Watson Machine Learning and watsonx.ai.Available jobs",IBM,,,https://www.ibm.com/careers/search?q=watsonx%20developer,,IBM,
Full Stack Developer for Circular Economy Cloud Applications,SAP,,,https://jobs.sap.com/job/Sofia-Full-Stack-Developer-for-Circular-Economy-Cloud-Applications-1407/1291466101/,,SAP,
iOS Developer,SAP_Concur,,,https://jobs.sap.com/job/Prague-5-iOS-Developer-158-00/1287967101/,,SAP_Concur,
Full Stack Developer,SAP_Concur,,,https://jobs.sap.com/job/Prague-5-Full-Stack-Developer-158-00/1288920901/,,SAP_Concur,
"Senior Software EngineerSoftware Engineering GroupRiot Operations & SupportLos Angeles, USA",Riot_Games,,,https://www.riotgames.com/en/j/7583770,,Riot_Games,
"Software Engineer III, Gameplay Systems - Unpublished R&D ProductSoftware Engineering GroupMMOLos Angeles, USA",Riot_Games,,,https://www.riotgames.com/en/j/7528091,,Riot_Games,
Backend Developer Jobs,Agoda,,,https://careersatagoda.com/vacancies/?search=back%20end,,Agoda,
Full Stack Developer Jobs,Agoda,,,https://careersatagoda.com/vacancies/?search=Full%20Stack,,Agoda,
Senior Site Reliability Engineer Senior Manager,Accenture Federal Services,Remote,,https://remoteOK.com/remote-jobs/remote-senior-site-reliability-engineer-senior-manager-accenture-federal-services-1130102,,RemoteOK,"At Accenture Federal Services, nothing matters more than helping the US federal government make the nation stronger and safer and life better for people.â¯Our 13,000+ people are united in a shared purpose to pursue the limitless potential of technology and ingenuity for clients across defense, national security, public safety, civilian, and military health organizations.

Join Accenture Federal Services, a technology company and part of global Accenture, to do work that matters in a collaborati..."
Data Analyst,Restaurant365,Remote,,https://remoteOK.com/remote-jobs/remote-data-analyst-restaurant365-1130099,,RemoteOK,"<p>Restaurant365 is a SaaS company disrupting the restaurant industry! Our cloud-based platform provides a&nbsp;unique, centralized solution for accounting and back-office operations for restaurants. Restaurant365âs culture is focused on empowering team members to produce top-notch results while elevating their skills. Weâre constantly evolving and improving to make sure we are and always will be âBest in Classâ ... and we want that for you too!</p><p><br></p><p>Restaurant365 is seeking ..."
Senior Automation Engineer Java,Ubiminds,Remote,,https://remoteOK.com/remote-jobs/remote-senior-automation-engineer-java-ubiminds-1130093,,RemoteOK,"<p><span style=""font-size: 32px"">Info on the Senior Automation Engineer - Java role</span></p><p><br></p><p>Want to get to the next step in your international career? We can support you!</p><p><br></p><p>Ubiminds is a GPTW-certified, people-first company that partners with American software product companies to scale their development footprint. Ubi custom-curates Brazilian top 5% talent for their LATAM strategy, offering a unique combo of staff augmentation and employer-of-record services.</p><..."
Application Security Engineer,Anthropic,Remote,,https://remoteOK.com/remote-jobs/remote-application-security-engineer-anthropic-1130088,,RemoteOK,"<div><h2><strong>About Anthropic</strong></h2>
<p>Anthropic's mission is to create reliable, interpretable, and steerable AI systems. We want AI to be safe and beneficial for our users and for society as a whole. Our team is a quickly growing group of committed researchers, engineers, policy experts, and business leaders working together to build beneficial AI systems.</p></div><div><div>
<h2>About the role:</h2>
</div>
<div>
<p>The Application Security team is at the forefront of building secur..."
DevOps Engineer,Higher Logic,Remote,,https://remoteOK.com/remote-jobs/remote-devops-engineer-higher-logic-1130083,,RemoteOK,"Company Description
At Higher Logic, engagement happens here. As the industry-leading, human-focused engagement platform we deliver powerful online communities and communication tools to organizations looking to build, retain, and grow their member or customer base. We're obsessed with engagement and, with over 13 years of experience in the industry, we've got it down to a science. We are a global company with offices throughout the US, Canada, and Australia. We serve more than 3,000 customers, ..."
Senior Angular Software Engineer,Aiwyn,Remote,,https://remoteOK.com/remote-jobs/remote-senior-angular-software-engineer-aiwyn-1130082,,RemoteOK,"Who is Aiwyn and what do we do? Aiwyn is transforming the way accounting firms manage the entire revenue lifecycle. Backed by top-tier investors like Bessemer, KKR, and Revolution, we're one of the fastest-growing scale-up SaaS companies in the world. We build category-defining technologyâand we're doing it with world-class people, processes, and products. To learn more, visit our website Who You Are: You are a strategic builder and a dynamic leader, driven by the passion to learn new technolo..."
Machine Learning Engineer II Ad Forecasting,Spotify,Remote,,https://remoteOK.com/remote-jobs/remote-machine-learning-engineer-ii-ad-forecasting-spotify-1130081,,RemoteOK,"We are seeking a Machine Learning Engineer with expertise in machine learning model development, AI engineering, online experimentation techniques, and large-scale engineering systems. This role will lead strategic initiatives and projects within Ads Forecasting. The Ads Forecasting squad focuses on building and maintaining the models and systems that predict future ad inventory,demand, and performance across Spotify's platform. By leveraging data and experimentation, we aim to provide accurate,..."
Staff Software Engineer Distributed Simulation,Anduril Industries,Remote,,https://remoteOK.com/remote-jobs/remote-staff-software-engineer-distributed-simulation-anduril-industries-1130076,,RemoteOK,"Anduril Industries is a defense technology company with a mission to transform U.S. and allied military capabilities with advanced technology. By bringing the expertise, technology, and business model of the 21st century's most innovative companies to the defense industry, Anduril is changing how military systems are designed, built and sold. Anduril's family of systems is powered by Lattice OS, an AI-powered operating system that turns thousands of data streams into a realtime, 3D command and c..."
Software Development Engineer Test Brazil,Platform Science,Remote,,https://remoteOK.com/remote-jobs/remote-software-development-engineer-test-brazil-platform-science-1130073,,RemoteOK,"<p><span style=""font-size: 10pt; font-family: helvetica, arial, sans-serif;""><strong>Who We Are</strong></span></p>
<p><span style=""font-size: 10pt; font-family: helvetica, arial, sans-serif;"">At Platform Science, we're working to connect everything that moves. Founded in 2015, we are an open IoT platform that partners with innovative fleets, application developers, vehicle manufacturers, and equipment providers in the transportation industry to deliver revolutionary solutions to supply chain pr..."
Senior Angular Software Engineer,Aiwyn,Remote,,https://remoteOK.com/remote-jobs/remote-senior-angular-software-engineer-aiwyn-1130070,,RemoteOK,"<p><b style=""font-size: 16px;"">Who is Aiwyn and what do we do?</b></p><p><br></p><p><span style=""font-size: 11pt;"">Aiwyn is transforming the way accounting firms manage the entire revenue lifecycle. Backed by top-tier investors like Bessemer, KKR, and Revolution, weâre one of the fastest-growing scale-up SaaS companies in the world. We build category-defining technologyâand weâre doing it with world-class people, processes, and products.</span></p><p><br></p><p>To learn more, visit our <b>..."
NFL Data Scientist,Swish Analytics,Remote,,https://remoteOK.com/remote-jobs/remote-nfl-data-scientist-swish-analytics-1130062,,RemoteOK,"<p><strong>Company Description&nbsp;</strong></p>
<p><span style=""font-weight: 400;"">Swish Analytics is a sports analytics, betting and fantasy startup building the next generation of predictive sports analytics data products. We believe that oddsmaking is a challenge rooted in engineering, mathematics, and sports betting expertise; not intuition.&nbsp; We're looking for team-oriented individuals with an authentic passion for accurate and predictive real-time data who can execute in a fast-paced..."
Enterprise Product Manager,Accurate Background,Remote,,https://remoteOK.com/remote-jobs/remote-enterprise-product-manager-accurate-background-1130061,,RemoteOK,"<p>When you join Accurate Background, youâre an integral part of making every hire the start of a success story. Your contributions will help us fulfill our mission of advancing the background screening experience through visibility and insights, empowering our clients to make smarter, unbiased decisions.</p><p><br></p><p>We are seeking an Enterprise Product Manager (Group level) to lead a multi-product portfolio spanning the Candidate and Client experiences across our background check platfor..."
Senior Python Software Engineer,Bloomreach,Remote,,https://remoteOK.com/remote-jobs/remote-senior-python-software-engineer-bloomreach-1130047,,RemoteOK,"Bloomreach is building the world's premier agentic platform for personalization. We're revolutionizing how businesses connect with their customers, building and deploying AI agents to personalize the entire customer journey.

- We're taking autonomous search mainstream, making product discovery more intuitive and conversational for customers, and more profitable for businesses.
- We're making conversational shopping a reality, connecting every shopper with tailored guidance and product expertise..."
Staff Frontend Engineer,Alpaca,Remote,,https://remoteOK.com/remote-jobs/remote-staff-frontend-engineer-alpaca-1130038,,RemoteOK,"<p><strong>Who We Are:</strong></p>
<p>Alpaca is a US-headquartered self-clearing broker-dealer and brokerage infrastructure for stocks, ETFs, options, crypto, fixed income, 24/5 trading, and more. Our&nbsp;<a href=""https://alpaca.markets/blog/alpaca-raises-150-million-at-a-1-15b-valuation-to-build-the-global-standard-for-brokerage-infrastructure/"">recent Series D funding round</a> brought our total investment to over $320 million, fueling our ambitious vision.</p>
<p>Amongst our subsidiaries, A..."
Software Engineer,OneStudyTeam,Remote,,https://remoteOK.com/remote-jobs/remote-software-engineer-onestudyteam-1130036,,RemoteOK,"At OneStudyTeam (a Reify Health company), we specialize in speeding up clinical trials and increasing the chance of new therapies being approved with the ultimate goal of improving patient outcomes. Our cloud-based platform, StudyTeam, brings research site workflows online and enables sites, sponsors, and other key stakeholders to work together more effectively. StudyTeam is trusted by the largest global biopharmaceutical companies, used in over 6,000 research sites, and is available in over 100..."
Software Engineer,Ren,Remote,,https://remoteOK.com/remote-jobs/remote-software-engineer-ren-1130024,,RemoteOK,"<p><strong>Â </strong></p>
<table width=""450"">
<tbody>
<tr>
<td width=""138"">
<p><strong>Job Title:</strong></p>
</td>
<td width=""312"">
<p>Sr Software Engineer</p>
</td>
</tr>
<tr>
<td width=""138"">
<p><strong>Department: </strong></p>
</td>
<td width=""312"">
<p>Product Engineering</p>
</td>
</tr>
</tbody>
</table>
<p>Â </p>
<p><strong>Position Description:</strong></p>
<p>The Sr Software Engineer will be working with other engineers, architects, and product managers to develop software on our phil..."
Software Reliability Engineer for AI,MixMode,Remote,,https://remoteOK.com/remote-jobs/remote-software-reliability-engineer-for-ai-mixmode-1130015,,RemoteOK,"MixMode is a leading provider of AI-powered cybersecurity solutions at scale, pioneering a patented third-wave, context-aware AI approach that automatically learns and adapts to dynamic environments. The MixMode platform delivers self-supervised, real-time threat detection for known and unknown threats across cloud, hybrid, and on-premises environments. Large organizations with big data workloads â including those in enterprise, critical infrastructure, US Department of War and US Intelligence..."
Hardcore Software Engineer,DualEntry,Remote,,https://remoteOK.com/remote-jobs/remote-hardcore-software-engineer-dualentry-1130013,,RemoteOK,"<p style=""min-height:1.5em"">Weâre hiring the most ambitious and hardcore engineers across Canada, Europe and LATAM. </p><p style=""min-height:1.5em"">Experience level doesnât matter; what matters is how ambitious you are.</p><p style=""min-height:1.5em""></p><h1><strong>What we look for</strong></h1><p style=""min-height:1.5em"">This is an extremely intense, hands-on role with full ownership. We expect you to push for excellence and raise the bar.</p><ul style=""min-height:1.5em""><li><p style=""min-..."
Google Cloud Platform Engineer,LIGHTFEATHER IO LLC,Remote,,https://remoteOK.com/remote-jobs/remote-google-cloud-platform-engineer-lightfeather-io-llc-1130011,,RemoteOK,"LightFeather is seeking a Cloud Engineer â GCP who will play a critical role in designing, implementing, and maintaining cloud infrastructure solutions within Google Cloud Platform (GCP). This role requires expertise in infrastructure automation, cloud security, networking, and CI/CD pipeline development. The ideal candidate will work closely with cross-functional teams to drive cloud optimization and automation efforts in a high-security government environment.

This role offers an exciting o..."
Senior Cloud Platform Engineer,"MX Technologies, Inc.",Remote,,https://remoteOK.com/remote-jobs/remote-senior-cloud-platform-engineer-mx-technologies-inc-1130007,,RemoteOK,"MX is a fintech company on a mission to empower the world to be financially strong. We build technology that helps banks, credit unions, and fintechs deliver smarter, more intuitive financial experiences to millions of people.

Like many startups, we've navigated real growth challengesâand we've come out stronger on the other side. Today, MX is in a phase of renewed momentum and scale, with a solid foundation and a clear vision for what's next. This is a place where thoughtful execution matter..."
Staff Software Engineer Frontend,Sigma Computing,Remote,,https://remoteOK.com/remote-jobs/remote-staff-software-engineer-frontend-sigma-computing-1130002,,RemoteOK,"<div><p>&nbsp;</p>
<p>&nbsp;</p></div><div><h4><strong>About the Role</strong></h4>
<p>Sigma is transforming<strong> </strong>how <strong>businesses </strong>run by delivering a high performance platform on modern data architecture. Hence, we are growing the engineering team and looking for engineers who are excited to solve challenging problems, deliver impactful capabilities throughout our stack to build world-class technology. You will be part of a talented team of engineers with a shared mis..."
"Product, Platform & Enterprise Full Stack Sr/Staff Software Engineer",BNSF Railway,USA,,https://remotive.com/remote-jobs/software-development/product-platform-enterprise-full-stack-sr-staff-software-engineer-2088612,2026-01-24T14:35:10,Remotive,"<p style=""box-sizing: border-box; margin: 0px 0px 10px; line-height: 1.5; color: #4a4a4a; background-color: #ffffff;""><span style=""box-sizing: border-box; line-height: 1.5; list-style: inherit; max-width: 100%; background-color: transparent !important;"">The range represents the amount bnsf | tech reasonably expects to pay for the position based on the level, scope, and responsibilities of the role.  Individual compensation and level of position offered is determined by the hiring location and ad..."
"Product, Platform & Enterprise Front End Sr/Staff Software Engineer",BNSF Railway,USA,,https://remotive.com/remote-jobs/software-development/product-platform-enterprise-front-end-sr-staff-software-engineer-2088611,2026-01-24T14:33:27,Remotive,"<p style=""box-sizing: border-box; margin: 0px 0px 10px;   line-height: 1.5; color: #4a4a4a; background-color: #ffffff;""><span style=""box-sizing: border-box;  line-height: 1.5; list-style: inherit;  max-width: 100%; background-color: transparent !important;"">The range represents the amount bnsf | tech reasonably expects to pay for the position based on the level, scope, and responsibilities of the role.  Individual compensation and level of position offered is determined by the hiring location an..."
Sr/Staff AI Engineer,BNSF Railway,USA,,https://remotive.com/remote-jobs/ai-ml/sr-staff-ai-engineer-2088613,2026-01-23T21:23:08,Remotive,"<p style=""margin-bottom: 10px; line-height: 1.5; color: #4a4a4a;""><span style=""line-height: 1.5; list-style: inherit; max-width: 100%; background-color: transparent !important;"">The posted range for this position represents the amount <strong style=""display: initial; line-height: 36px; margin-bottom: 12px; color: #272727; padding: 0px;"">bnsf | tech</strong> reasonably expects to pay for the position based on the level, scope, and responsibilities of the role.  Individual compensation and level o..."
Senior Independent Software Developer,A.Team,"Americas, Europe, Israel",,https://remotive.com/remote-jobs/software-development/senior-independent-software-developer-1919265,2026-01-16T10:16:08,Remotive,"<p style=""text-size-adjust: 100%; overflow-wrap: break-word;""><em>You must be located in the Americas, Europe, or Israel to apply.<br></em><br><br><a href=""https://build.a.team/remotivereferral"" rel=""nofollow"">A·Team</a> is a VC-backed, stealth, application-only home on the internet for senior independent software builders to team up with hand-picked, high-growth companies on their next big thing. </p>
<p style=""text-size-adjust: 100%; overflow-wrap: break-word;"">After talking with hundreds of i..."
Senior Independent AI Engineer / Architect,A.Team,"Americas, Europe, Israel",,https://remotive.com/remote-jobs/software-development/senior-independent-ai-engineer-architect-1919266,2026-01-16T10:16:03,Remotive,"<p class=""my-2 [&amp;+p]:mt-4 [&amp;_strong:has(+br)]:inline-block [&amp;_strong:has(+br)]:pb-2"" style=""border-color: oklch(0.3039 0.04 213.68 / 0.16); scrollbar-color: initial; scrollbar-width: initial; --tw-border-spacing-x: 0; --tw-border-spacing-y: 0; --tw-translate-x: 0; --tw-translate-y: 0; --tw-rotate: 0; --tw-skew-x: 0; --tw-skew-y: 0; --tw-scale-x: 1; --tw-scale-y: 1; --tw-scroll-snap-strictness: proximity; --tw-ring-offset-width: 0px; --tw-ring-offset-color: #fff; --tw-ring-color: rgb(..."
"Senior Software Engineer, Global Contractor",Jump,Worldwide,,https://remotive.com/remote-jobs/software-development/senior-software-engineer-global-contractor-2088534,2026-01-13T09:27:49,Remotive,"<p style=""line-height: 24px; margin-top: 8px; padding: 0px; color: #373e4d; min-height: 1.5em;""><span style=""font-weight: 600;"">Who are we?</span></p>
<p style=""line-height: 24px; margin-top: 8px; padding: 0px; color: #373e4d; min-height: 1.5em;"">Hey there! We are <a href=""http://jumpapp.com/"" rel=""nofollow"" style=""touch-action: manipulation; color: #00b56a;"" target=""_blank"">Jumpapp.com</a>, AI for Financial Advisors. Jump’s mission is to empower financial advisors, firms, and clients to thrive ..."
